customer_id,name,segment
RH-19495,Rick Hansen,Consumer
JR-16210,Justin Ritter,Corporate
CR-12730,Craig Reiter,Consumer
KM-16375,Katherine Murray,Home Office
RH-9495,Rick Hansen,Consumer
JM-15655,Jim Mitchum,Corporate
TS-21340,Toby Swindell,Consumer
MB-18085,Mick Brown,Consumer
JW-15220,Jane Waco,Corporate
JH-15985,Joseph Holt,Consumer
GM-14695,Greg Maxwell,Corporate
AJ-10780,Anthony Jacobs,Corporate
MM-7260,Magdelene Morse,Consumer
VF-21715,Vicky Freymann,Home Office
PF-19120,Peter Fuller,Consumer
BP-11185,Ben Peterman,Corporate
TB-21175,Thomas Boland,Corporate
PJ-18835,Patrick Jones,Corporate
JS-15685,Jim Sink,Corporate
RH-9555,Ritsa Hightower,Consumer
AB-600,Ann Blume,Corporate
SA-20830,Sue Ann Reed,Consumer
JK-15325,Jason Klamczynski,Corporate
LB-16795,Laurel Beltran,Home Office
NP-18325,Naresj Patel,Consumer
VD-21670,Valerie Dominguez,Consumer
PB-19210,Phillip Breyer,Corporate
EB-14110,Eugene Barchas,Consumer
KF-16285,Karen Ferguson,Home Office
BP-11230,Benjamin Patterson,Consumer
RR-19525,Rick Reed,Corporate
BS-11365,Bill Shonely,Corporate
JE-15745,Joel Eaton,Consumer
DP-13105,Dave Poirier,Corporate
NP-18700,Nora Preis,Consumer
AH-30,Aaron Hawkins,Corporate
DM-13015,Darrin Martin,Consumer
GT-14635,Grant Thornton,Corporate
PO-18865,Patrick O'Donnell,Consumer
DL-12865,Dan Lawera,Consumer
JB-16000,Joy Bell-,Consumer
BF-11005,Barry Franz,Home Office
VG-21805,Vivek Grady,Corporate
GT-14710,Greg Tran,Consumer
ZC-21910,Zuschuss Carroll,Consumer
SC-20095,Sanjit Chand,Consumer
EB-13840,Ellis Ballard,Corporate
AP-10915,Arthur Prichep,Consumer
SW-20275,Scott Williamson,Consumer
JH-15820,John Huston,Consumer
LC-16885,Lena Creighton,Consumer
TG-11640,Trudy Glocke,Consumer
HR-14830,Harold Ryan,Corporate
DG-3300,Deirdre Greer,Corporate
SG-20470,Sheri Gordon,Consumer
FH-14365,Fred Hopkins,Corporate
GP-14740,Guy Phonely,Corporate
MW-18220,Mitch Webber,Consumer
PO-18850,Patrick O'Brill,Consumer
CS-12460,Chuck Sachs,Consumer
KD-16495,Keith Dawkins,Corporate
MS-17980,Michael Stewart,Corporate
KC-16675,Kimberly Carter,Corporate
DB-13405,Denny Blanton,Consumer
JD-15895,Jonathan Doherty,Corporate
DK-13090,Dave Kipp,Consumer
CS-11845,Cari Sayre,Corporate
EM-14200,Evan Minnotte,Home Office
DW-3480,Dianna Wilson,Home Office
AS-10225,Alan Schoenberger,Corporate
ST-20530,Shui Tom,Consumer
BW-1065,Barry Weirich,Consumer
LA-16780,Laura Armstrong,Corporate
AB-10150,Aimee Bixby,Consumer
CM-12385,Christopher Martinez,Consumer
BE-11410,Bobby Elias,Consumer
SZ-20035,Sam Zeldin,Home Office
RM-19375,Raymond Messe,Consumer
HG-14845,Harry Greene,Consumer
DP-3105,Dave Poirier,Corporate
AR-10540,Andy Reiter,Consumer
TP-21415,Tom Prescott,Consumer
AM-10705,Anne McFarland,Consumer
AB-255,Alejandro Ballentine,Home Office
RP-19270,Rachel Payne,Corporate
BK-11260,Berenike Kampe,Consumer
JM-15250,Janet Martin,Consumer
LW-16990,Lindsay Williams,Corporate
NZ-18565,Nick Zandusky,Home Office
SV-10815,Stuart Van,Corporate
SC-20695,Steve Chapman,Corporate
NC-18625,Noah Childs,Corporate
NF-18385,Natalie Fritzler,Consumer
PM-18940,Paul MacIntyre,Consumer
MZ-17335,Maria Zettner,Home Office
HM-4980,Henry MacAllister,Consumer
RW-19540,Rick Wilson,Corporate
LH-17155,Logan Haushalter,Consumer
KM-16660,Khloe Miller,Consumer
AB-10060,Adam Bellavance,Home Office
DB-13060,Dave Brooks,Consumer
VM-21685,Valerie Mitchum,Home Office
DM-13525,Don Miller,Corporate
NM-18520,Neoma Murray,Consumer
RO-19780,Rose O'Brian,Consumer
SB-20185,Sarah Brown,Consumer
EM-14065,Erin Mull,Consumer
RS-19765,Roland Schwarz,Corporate
ON-18715,Odella Nelson,Corporate
VS-21820,Vivek Sundaresam,Consumer
CM-12115,Chad McGuire,Consumer
TB-21400,Tom Boeckenhauer,Consumer
AB-10105,Adrian Barton,Consumer
DW-13540,Don Weiss,Consumer
PS-19045,Penelope Sewall,Home Office
CC-12370,Christopher Conant,Consumer
TC-21295,Toby Carlisle,Consumer
GM-14440,Gary McGarr,Consumer
SV-20815,Stuart Van,Corporate
MM-17920,Michael Moore,Consumer
JK-16120,Julie Kriz,Home Office
DJ-13510,Don Jones,Corporate
AT-10435,Alyssa Tate,Home Office
AB-10015,Aaron Bergman,Consumer
RP-19390,Resi Pölking,Consumer
MJ-17740,Max Jones,Consumer
PV-18985,Paul Van Hugh,Home Office
SB-20290,Sean Braxton,Corporate
SM-10005,Sally Matthias,Consumer
KH-16330,Katharine Harms,Corporate
MP-18175,Mike Pelletier,Home Office
LH-17020,Lisa Hazard,Consumer
ND-18370,Natalie DeCherney,Consumer
CR-12625,Corey Roper,Home Office
GM-14680,Greg Matthias,Consumer
RA-19945,Ryan Akin,Consumer
BW-11110,Bart Watters,Corporate
RF-19735,Roland Fjeld,Consumer
AG-10675,Anna Gayman,Consumer
DM-12955,Dario Medina,Corporate
KD-16270,Karen Daniels,Consumer
BE-11335,Bill Eplett,Home Office
SO-20335,Sean O'Donnell,Consumer
DK-12835,Damala Kotsonis,Corporate
LC-7050,Liz Carlisle,Consumer
CG-12520,Claire Gute,Consumer
TB-21280,Toby Braunhardt,Consumer
HG-15025,Hunter Glantz,Consumer
AD-10180,Alan Dominguez,Home Office
BP-11155,Becky Pak,Consumer
AA-10480,Andrew Allen,Consumer
RL-19615,Rob Lucas,Consumer
CS-12505,Cindy Stewart,Consumer
SW-20245,Scot Wooten,Consumer
TA-21385,Tom Ashbrook,Home Office
YC-21895,Yoseph Carroll,Corporate
JM-15580,Jill Matthias,Consumer
MZ-7335,Maria Zettner,Home Office
JF-15295,Jason Fortune-,Consumer
JL-15835,John Lee,Consumer
DJ-3510,Don Jones,Corporate
MF-18250,Monica Federle,Corporate
JE-15610,Jim Epp,Corporate
CP-12340,Christine Phan,Corporate
EH-14125,Eugene Hildebrand,Home Office
NC-18340,Nat Carroll,Consumer
JS-16030,Joy Smith,Consumer
AM-10360,Alice McCarthy,Corporate
JF-15190,Jamie Frazer,Consumer
JG-15160,James Galang,Consumer
DP-13390,Dennis Pardue,Home Office
AG-10330,Alex Grayson,Consumer
GK-14620,Grace Kelly,Corporate
NF-18475,Neil Französisch,Home Office
DR-12940,Daniel Raglin,Home Office
NB-18655,Nona Balk,Corporate
NM-18445,Nathan Mautz,Home Office
NP-18670,Nora Paige,Consumer
SC-20380,Shahid Collister,Consumer
PA-9060,Pete Armstrong,Home Office
RB-19570,Rob Beeghly,Consumer
SR-20740,Steven Roelle,Home Office
RH-19510,Rick Huthwaite,Home Office
LH-16750,Larry Hughes,Consumer
KB-16585,Ken Black,Corporate
EM-13810,Eleni McCrary,Corporate
MZ-7515,Mary Zewe,Corporate
DM-13345,Denise Monton,Corporate
CA-11965,Carol Adams,Corporate
SC-20305,Sean Christensen,Consumer
MH-18115,Mick Hernandez,Home Office
KS-16300,Karen Seio,Corporate
BG-11740,Bruce Geld,Consumer
CR-2625,Corey Roper,Home Office
CB-12415,Christy Brittain,Consumer
AP-10720,Anne Pryor,Home Office
CR-12820,Cyra Reiten,Home Office
BF-11080,Bart Folk,Consumer
JM-15265,Janet Molinari,Corporate
TW-21025,Tamara Willingham,Home Office
RB-19330,Randy Bradley,Consumer
JA-15970,Joseph Airdo,Consumer
AB-60,Adam Bellavance,Home Office
JR-5670,Jim Radford,Consumer
MD-17350,Maribeth Dona,Consumer
PK-19075,Pete Kriz,Consumer
TP-21130,Theone Pippenger,Consumer
JK-15640,Jim Kriz,Home Office
CD-11920,Carlos Daly,Consumer
JL-5835,John Lee,Consumer
EP-13915,Emily Phan,Consumer
MS-17770,Maxwell Schwartz,Consumer
CM-12655,Corinna Mitchell,Home Office
JC-6105,Julie Creighton,Corporate
GB-14530,George Bell,Corporate
JH-16180,Justin Hirsh,Consumer
MT-8070,Michelle Tran,Home Office
CV-2805,Cynthia Voltz,Corporate
NH-18610,Nicole Hansen,Corporate
HJ-14875,Heather Jas,Home Office
JL-15175,James Lanier,Home Office
MY-18295,Muhammed Yedwab,Corporate
MW-18235,Mitch Willingham,Corporate
KC-16540,Kelly Collister,Consumer
HA-14920,Helen Andreada,Consumer
MT-17815,Meg Tillman,Consumer
FW-14395,Fred Wasserman,Corporate
BH-11710,Brosina Hoffman,Consumer
DK-12895,Dana Kaydos,Consumer
SC-20845,Sung Chung,Consumer
CY-12745,Craig Yedwab,Corporate
HL-15040,Hunter Lopez,Consumer
CT-11995,Carol Triggs,Consumer
GR-4560,Georgia Rosenberg,Corporate
TT-21070,Ted Trevino,Consumer
PO-19195,Phillina Ober,Home Office
ED-13885,Emily Ducich,Home Office
TM-21490,Tony Molinari,Consumer
AW-10840,Anthony Witt,Consumer
AT-10735,Annie Thurman,Consumer
SG-10605,Speros Goranitis,Consumer
BM-11785,Bryan Mills,Consumer
DK-13375,Dennis Kane,Consumer
PF-19225,Phillip Flathmann,Consumer
TG-21310,Toby Gnade,Consumer
SF-10200,Sarah Foster,Consumer
JW-5220,Jane Waco,Corporate
CC-12100,Chad Cunningham,Home Office
RD-19930,Russell D'Ascenzo,Consumer
BP-1230,Benjamin Patterson,Consumer
CS-12175,Charles Sheldon,Corporate
JD-16060,Julia Dunbar,Consumer
GH-14665,Greg Hansen,Consumer
CM-11935,Carlos Meador,Consumer
RB-9465,Rick Bensley,Home Office
RB-19795,Ross Baird,Home Office
DL-13495,Dionis Lloyd,Corporate
TS-21205,Thomas Seio,Corporate
MV-8190,Mike Vittorini,Consumer
BD-11560,Brendan Dodson,Home Office
PS-18760,Pamela Stobb,Consumer
FM-14215,Filia McAdams,Corporate
CA-12775,Cynthia Arntzen,Consumer
CD-12790,Cynthia Delaney,Home Office
NL-18310,Nancy Lomonaco,Home Office
TB-21055,Ted Butterfield,Consumer
EH-4125,Eugene Hildebrand,Home Office
KB-16600,Ken Brennan,Corporate
KW-16435,Katrina Willman,Consumer
MG-17695,Maureen Gnade,Consumer
HM-14860,Harry Marie,Corporate
BP-11290,Beth Paige,Consumer
HZ-4950,Henia Zydlo,Consumer
TC-20980,Tamara Chand,Corporate
EM-13825,Elizabeth Moffitt,Corporate
BS-11800,Bryan Spruell,Home Office
DV-13465,Dianna Vittorini,Consumer
MB-17305,Maria Bertelson,Consumer
PC-19000,Pauline Chand,Home Office
CA-12310,Christine Abelman,Corporate
KC-16255,Karen Carlisle,Corporate
DB-3660,Duane Benoit,Consumer
SC-20260,Scott Cohen,Corporate
BD-11500,Bradley Drucker,Consumer
BM-11140,Becky Martin,Consumer
KB-16315,Karl Braun,Consumer
JM-15865,John Murray,Consumer
AF-10885,Art Foster,Consumer
SJ-20500,Shirley Jackson,Consumer
WB-21850,William Brown,Consumer
CC-12610,Corey Catlett,Corporate
BE-11455,Brad Eason,Home Office
TG-21640,Trudy Glocke,Consumer
MS-17365,Maribeth Schnelling,Consumer
NP-18685,Nora Pelletier,Home Office
RM-19675,Robert Marley,Home Office
SN-20560,Skye Norling,Home Office
CD-12280,Christina DeMoss,Consumer
BG-11035,Barry Gonzalez,Consumer
CC-12550,Clay Cheatham,Consumer
SV-20785,Stewart Visinsky,Consumer
HW-14935,Helen Wasserman,Corporate
AS-10285,Alejandro Savely,Corporate
LD-16855,Lela Donovan,Corporate
NS-18505,Neola Schneider,Consumer
CM-12715,Craig Molinari,Corporate
JD-6060,Julia Dunbar,Consumer
MG-17680,Maureen Gastineau,Home Office
DB-13210,Dean Braden,Consumer
CS-11860,Cari Schnelling,Consumer
GG-14650,Greg Guthrie,Corporate
BN-11470,Brad Norvell,Corporate
BS-1665,Brian Stugart,Consumer
AC-10450,Amy Cox,Consumer
CK-12205,Chloris Kastensmidt,Consumer
JD-16150,Justin Deggeller,Corporate
CC-2550,Clay Cheatham,Consumer
MS-17830,Melanie Seite,Consumer
SM-20950,Suzanne McNair,Corporate
CL-12700,Craig Leslie,Home Office
CM-12160,Charles McCrossin,Consumer
JC-15775,John Castell,Consumer
LH-16900,Lena Hernandez,Consumer
DV-13045,Darrin Van Huff,Corporate
BT-11530,Bradley Talbott,Home Office
BM-1650,Brian Moss,Corporate
MG-18205,Mitch Gastineau,Corporate
RB-19705,Roger Barcio,Home Office
FC-14245,Frank Carlisle,Home Office
TT-21220,Thomas Thornton,Consumer
SJ-20215,Sarah Jordon,Consumer
PB-18805,Patrick Bzostek,Home Office
RW-19690,Robert Waldorf,Consumer
DB-3360,Dennis Bolton,Home Office
DK-13150,David Kendrick,Corporate
RW-9540,Rick Wilson,Corporate
MP-17470,Mark Packer,Home Office
TB-21625,Trudy Brown,Consumer
MO-17800,Meg O'Connel,Home Office
MR-17545,Mathew Reese,Home Office
LC-17050,Liz Carlisle,Consumer
RA-19885,Ruben Ausman,Corporate
MG-8145,Mike Gockenbach,Consumer
JE-16165,Justin Ellison,Corporate
JK-16090,Juliana Krohn,Consumer
EM-13960,Eric Murdock,Consumer
DJ-13420,Denny Joy,Corporate
BO-11425,Bobby Odegard,Consumer
LW-17215,Luke Weiss,Consumer
PJ-19015,Pauline Johnson,Consumer
KM-16720,Kunst Miller,Consumer
BG-11695,Brooke Gillingham,Corporate
CS-12130,Chad Sievert,Consumer
MC-17425,Mark Cousins,Corporate
BD-1635,Brian Derr,Consumer
RF-19345,Randy Ferguson,Corporate
MG-7680,Maureen Gastineau,Home Office
KH-16690,Kristen Hastings,Corporate
CC-12475,Cindy Chapman,Consumer
LT-16765,Larry Tron,Consumer
BF-10975,Barbara Fisher,Corporate
CJ-12010,Caroline Jumper,Consumer
SH-9975,Sally Hughsby,Corporate
SL-20155,Sara Luxemburg,Home Office
NC-8340,Nat Carroll,Consumer
JB-5400,Jennifer Braxton,Corporate
TB-21250,Tim Brockman,Consumer
PS-18970,Paul Stevenson,Home Office
BB-11545,Brenda Bowman,Corporate
SG-10470,Sheri Gordon,Consumer
SP-20920,Susan Pistek,Consumer
Dp-13240,Dean percer,Home Office
GZ-14470,Gary Zandusky,Consumer
AH-10075,Adam Hart,Corporate
CB-2025,Cassandra Brandow,Consumer
SC-20050,Sample Company A,Home Office
SC-10230,Scot Coram,Corporate
JS-15595,Jill Stevenson,Corporate
BS-11380,Bill Stewart,Corporate
JL-5130,Jack Lebron,Consumer
AS-10090,Adam Shillingsburg,Consumer
EL-13735,Ed Ludwig,Home Office
FH-14275,Frank Hawley,Corporate
OT-18730,Olvera Toch,Consumer
SM-10320,Sean Miller,Home Office
PM-19135,Peter McVee,Home Office
TS-11430,Tom Stivers,Corporate
LS-17245,Lynn Smith,Consumer
SF-20200,Sarah Foster,Consumer
CM-11815,Candace McMahon,Corporate
FG-14260,Frank Gastineau,Home Office
KN-6705,Kristina Nunn,Home Office
TB-11520,Tracy Blumstein,Consumer
JB-15400,Jennifer Braxton,Corporate
KH-16510,Keith Herrera,Consumer
DL-13330,Denise Leinenbach,Consumer
KN-16390,Katherine Nockton,Corporate
SV-20935,Susan Vittorini,Consumer
MD-17860,Michael Dominguez,Corporate
LS-17200,Luke Schmidt,Corporate
CM-12445,Chuck Magee,Consumer
SS-20140,Saphhira Shifley,Corporate
GH-14425,Gary Hwang,Consumer
SM-20320,Sean Miller,Home Office
GR-14560,Georgia Rosenberg,Corporate
TS-21370,Todd Sumrall,Corporate
DH-3675,Duane Huffman,Home Office
MM-8280,Muhammed MacIntyre,Corporate
PM-9135,Peter McVee,Home Office
GP-4740,Guy Phonely,Corporate
AF-10870,Art Ferguson,Consumer
TS-21505,Tony Sayre,Consumer
BM-11575,Brendan Murry,Corporate
AH-10030,Aaron Hawkins,Corporate
AG-10495,Andrew Gjertsen,Corporate
AG-675,Anna Gayman,Consumer
SW-20755,Steven Ward,Corporate
SK-19990,Sally Knutson,Consumer
AG-10900,Arthur Gainer,Consumer
AJ-960,Astrea Jones,Consumer
MC-7275,Marc Crier,Consumer
ER-13855,Elpida Rittenbach,Corporate
EJ-13720,Ed Jacobs,Consumer
DH-13675,Duane Huffman,Home Office
HE-14800,Harold Engle,Corporate
KT-16480,Kean Thornton,Consumer
SB-20170,Sarah Bern,Consumer
EM-14140,Eugene Moren,Home Office
VT-21700,Valerie Takahito,Home Office
JS-15880,John Stevenson,Consumer
BC-11125,Becky Castell,Home Office
NF-18595,Nicole Fjeld,Home Office
RH-9600,Rob Haberlin,Consumer
CS-11950,Carlos Soltero,Consumer
CM-12235,Chris McAfee,Consumer
LW-16825,Laurel Workman,Corporate
RD-19585,Rob Dowd,Consumer
BT-11680,Brian Thompson,Consumer
MD-7860,Michael Dominguez,Corporate
CC-12145,Charles Crestani,Consumer
XP-21865,Xylona Preis,Consumer
ML-17410,Maris LaWare,Consumer
BS-11665,Brian Stugart,Consumer
SC-20230,Scot Coram,Corporate
QJ-19255,Quincy Jones,Corporate
RE-19450,Richard Eichhorn,Consumer
CP-2085,Cathy Prescott,Corporate
JK-5730,Joe Kamberova,Consumer
HZ-14950,Henia Zydlo,Consumer
AR-10570,Anemone Ratner,Consumer
EH-14005,Erica Hernandez,Home Office
JR-15700,Jocasta Rupert,Consumer
PL-18925,Paul Lucas,Home Office
TC-21145,Theresa Coyne,Corporate
DG-13300,Deirdre Greer,Corporate
Dl-13600,Dorris liebe,Corporate
NC-18415,Nathan Cano,Consumer
EB-13930,Eric Barreto,Consumer
CP-12085,Cathy Prescott,Corporate
SM-20005,Sally Matthias,Consumer
JR-15670,Jim Radford,Consumer
DL-12925,Daniel Lacy,Consumer
FM-14290,Frank Merwin,Home Office
DP-13165,David Philippe,Consumer
CK-12595,Clytie Kelty,Consumer
CM-11830,Cari MacIntyre,Corporate
PP-18955,Paul Prost,Home Office
MM-17260,Magdelene Morse,Consumer
ME-17320,Maria Etezadi,Home Office
CS-12490,Cindy Schnelling,Corporate
GH-14410,Gary Hansen,Home Office
MC-17635,Matthew Clasen,Corporate
LM-7065,Liz MacKendrick,Consumer
AR-10510,Andrew Roberts,Consumer
JH-15910,Jonathan Howell,Consumer
DK-3375,Dennis Kane,Consumer
EG-13900,Emily Grady,Consumer
AS-10630,Ann Steele,Home Office
CL-11890,Carl Ludwig,Consumer
CA-12265,Christina Anderson,Consumer
PF-19165,Philip Fox,Consumer
DB-12970,Darren Budd,Corporate
CL-12565,Clay Ludtke,Consumer
MF-17665,Maureen Fritzler,Corporate
IM-15055,Ionia McGrath,Consumer
EB-13975,Erica Bern,Corporate
AA-10315,Alex Avila,Consumer
MV-17485,Mark Van Huff,Consumer
JW-15955,Joni Wasserman,Consumer
TS-21610,Troy Staebel,Consumer
MC-17575,Matt Collins,Consumer
JF-5415,Jennifer Ferguson,Consumer
AH-10210,Alan Hwang,Consumer
KD-16345,Katherine Ducich,Consumer
PG-18895,Paul Gonzalez,Consumer
HK-14890,Heather Kirkland,Corporate
RR-19315,Ralph Ritter,Consumer
HH-5010,Hilary Holden,Corporate
SH-20635,Stefanie Holloman,Corporate
AR-10825,Anthony Rawles,Corporate
RP-9855,Roy Phan,Corporate
LR-17035,Lisa Ryan,Corporate
IM-5055,Ionia McGrath,Consumer
CK-12325,Christine Kargatis,Home Office
AS-285,Alejandro Savely,Corporate
DK-12985,Darren Koutras,Consumer
EH-4185,Evan Henry,Consumer
ML-17395,Marina Lichtenstein,Corporate
BF-11215,Benjamin Farhat,Home Office
MB-7305,Maria Bertelson,Consumer
CR-12580,Clay Rozendal,Home Office
TB-21520,Tracy Blumstein,Consumer
KN-16450,Kean Nguyen,Corporate
HR-14770,Hallie Redmond,Home Office
CK-12760,Cyma Kinney,Corporate
RO-9780,Rose O'Brian,Consumer
EN-13780,Edward Nazzal,Consumer
AH-10465,Amy Hunt,Consumer
AH-10585,Angele Hood,Consumer
RB-9435,Richard Bierner,Consumer
AG-525,Andy Gerbode,Corporate
AR-10345,Alex Russell,Corporate
MW-8220,Mitch Webber,Consumer
AH-210,Alan Hwang,Consumer
TH-21235,Tiffany House,Corporate
LT-7110,Liz Thompson,Consumer
HD-14785,Harold Dahlen,Home Office
MC-7575,Matt Collins,Consumer
MH-18025,Michelle Huthwaite,Consumer
CC-2475,Cindy Chapman,Consumer
CM-12190,Charlotte Melton,Consumer
RA-19915,Russell Applegate,Consumer
MT-18070,Michelle Tran,Home Office
JF-15415,Jennifer Ferguson,Consumer
ES-14020,Erica Smith,Consumer
CC-12685,Craig Carroll,Consumer
IM-15070,Irene Maddox,Consumer
DA-13450,Dianna Arnett,Home Office
SS-10410,Shahid Shariari,Consumer
BM-11650,Brian Moss,Corporate
SW-20350,Sean Wendt,Home Office
CM-1830,Cari MacIntyre,Corporate
MY-17380,Maribeth Yedwab,Corporate
MS-7830,Melanie Seite,Consumer
HG-14965,Henry Goldwyn,Corporate
DC-13285,Debra Catini,Consumer
DL-13315,Delfina Latchford,Consumer
JK-15370,Jay Kimmel,Consumer
CH-2070,Cathy Hwang,Home Office
MH-7440,Mark Haberlin,Corporate
MC-17845,Michael Chen,Consumer
PW-19030,Pauline Webber,Corporate
BS-11590,Brendan Sweed,Corporate
DO-13435,Denny Ordway,Consumer
SG-20890,Susan Gilcrest,Corporate
SU-20665,Stephanie Ulpright,Home Office
JC-16105,Julie Creighton,Corporate
TB-21190,Thomas Brumley,Home Office
SV-10785,Stewart Visinsky,Consumer
VP-21760,Victoria Pisteka,Corporate
LR-16915,Lena Radford,Consumer
TH-21550,Tracy Hopkins,Home Office
TC-11145,Theresa Coyne,Corporate
JL-15235,Janet Lee,Consumer
RK-19300,Ralph Kennedy,Consumer
CC-12670,Craig Carreira,Consumer
DB-13555,Dorothy Badders,Corporate
SG-20605,Speros Goranitis,Consumer
MG-17890,Michael Granlund,Home Office
MA-17560,Matt Abelman,Home Office
CB-12025,Cassandra Brandow,Consumer
DH-13075,Dave Hallsten,Corporate
BT-11395,Bill Tyler,Corporate
TT-11265,Tim Taslimi,Corporate
TH-11235,Tiffany House,Corporate
VG-21790,Vivek Gonzalez,Consumer
NW-18400,Natalie Webber,Consumer
VP-21730,Victor Preis,Home Office
SS-20410,Shahid Shariari,Consumer
JE-15715,Joe Elijah,Consumer
AG-270,Alejandro Grove,Consumer
BW-11200,Ben Wallace,Consumer
EK-13795,Eileen Kiefer,Home Office
SG-20080,Sandra Glassco,Consumer
SC-10725,Steven Cartwright,Consumer
AG-10525,Andy Gerbode,Corporate
MG-18145,Mike Gockenbach,Consumer
BD-11605,Brian Dahlen,Consumer
PB-19105,Peter Bühler,Consumer
SC-20575,Sonia Cooley,Consumer
DO-3435,Denny Ordway,Consumer
CC-12220,Chris Cortes,Consumer
TS-21430,Tom Stivers,Corporate
AZ-10750,Annie Zypern,Consumer
IG-15085,Ivan Gibson,Consumer
SP-20860,Sung Pak,Corporate
KM-16225,Kalyca Meade,Corporate
KM-6720,Kunst Miller,Consumer
MM-18055,Michelle Moray,Consumer
RB-19360,Raymond Buch,Consumer
NC-8415,Nathan Cano,Consumer
SN-20710,Steve Nguyen,Home Office
DL-3330,Denise Leinenbach,Consumer
JG-15115,Jack Garza,Consumer
CJ-11875,Carl Jackson,Corporate
AY-10555,Andy Yotov,Corporate
BV-11245,Benjamin Venier,Corporate
PO-9195,Phillina Ober,Home Office
GZ-4545,George Zrebassa,Corporate
PN-18775,Parhena Norris,Home Office
SC-20800,Stuart Calhoun,Consumer
AC-10615,Ann Chong,Corporate
VB-21745,Victoria Brennan,Corporate
TT-11460,Tonja Turnell,Home Office
AC-10420,Alyssa Crouse,Corporate
CG-12040,Catherine Glotzbach,Home Office
TR-11325,Toby Ritter,Consumer
SC-20440,Shaun Chance,Corporate
BT-11305,Beth Thompson,Home Office
JB-15925,Joni Blumstein,Consumer
GW-14605,Giulietta Weimer,Consumer
SC-20725,Steven Cartwright,Consumer
EH-13765,Edward Hooks,Corporate
YS-21880,Yana Sorensen,Corporate
FO-14305,Frank Olsen,Consumer
RP-19855,Roy Phan,Corporate
AB-10600,Ann Blume,Corporate
KB-16240,Karen Bern,Corporate
KA-16525,Kelly Andreada,Consumer
EM-3960,Eric Murdock,Consumer
JD-15790,John Dryer,Consumer
JL-15850,John Lucas,Consumer
JW-16075,Julia West,Consumer
LL-6840,Lauren Leatherbury,Consumer
TH-21100,Thea Hendricks,Consumer
MC-17275,Marc Crier,Consumer
NG-8430,Nathan Gelder,Consumer
KD-16615,Ken Dana,Corporate
MC-17605,Matt Connell,Corporate
JK-15625,Jim Karlsson,Consumer
TS-11505,Tony Sayre,Consumer
LD-6855,Lela Donovan,Corporate
LP-17080,Liz Pelletier,Consumer
CV-12805,Cynthia Voltz,Corporate
MO-17500,Mary O'Rourke,Consumer
MS-17530,MaryBeth Skach,Consumer
GA-14515,George Ashbrook,Consumer
CS-12355,Christine Sundaresam,Consumer
GM-14500,Gene McClure,Consumer
CC-2670,Craig Carreira,Consumer
MN-17935,Michael Nguyen,Consumer
JM-16195,Justin MacKendrick,Consumer
DB-13615,Doug Bickford,Consumer
PK-18910,Paul Knutson,Home Office
LS-16945,Linda Southworth,Corporate
JK-15730,Joe Kamberova,Consumer
SW-10275,Scott Williamson,Consumer
MC-18100,Mick Crebagga,Consumer
EH-13945,Eric Hoffmann,Consumer
LC-16930,Linda Cazamias,Corporate
MA-17995,Michelle Arnett,Home Office
SP-20650,Stephanie Phelps,Corporate
JH-15430,Jennifer Halladay,Consumer
ML-17755,Max Ludwig,Home Office
PC-18745,Pamela Coakley,Corporate
KE-16420,Katrina Edelman,Corporate
EM-4200,Evan Minnotte,Home Office
DW-13480,Dianna Wilson,Home Office
SC-10680,Steve Carroll,Home Office
JG-15805,John Grady,Corporate
LL-16840,Lauren Leatherbury,Consumer
PV-8985,Paul Van Hugh,Home Office
PO-19180,Philisse Overcash,Home Office
SH-19975,Sally Hughsby,Corporate
GA-14725,Guy Armstrong,Consumer
GT-4755,Guy Thornton,Consumer
PR-18880,Patrick Ryan,Consumer
AG-10765,Anthony Garverick,Home Office
SE-20110,Sanjit Engle,Consumer
JB-16045,Julia Barnett,Home Office
JM-5580,Jill Matthias,Consumer
JO-15280,Jas O'Carroll,Consumer
LP-17095,Liz Preis,Consumer
EJ-14155,Eva Jacobs,Consumer
VW-21775,Victoria Wilson,Corporate
GM-14455,Gary Mitchum,Home Office
BF-1080,Bart Folk,Consumer
SM-20905,Susan MacKendrick,Consumer
BO-1425,Bobby Odegard,Consumer
AW-10930,Arthur Wiediger,Home Office
JP-15460,Jennifer Patt,Corporate
AS-10240,Alan Shonely,Consumer
TB-11625,Trudy Brown,Consumer
JP-5520,Jeremy Pistek,Consumer
BD-11770,Bryan Davis,Consumer
BD-11635,Brian Derr,Consumer
CC-2370,Christopher Conant,Consumer
PO-8850,Patrick O'Brill,Consumer
TZ-21445,Tom Zandusky,Corporate
RB-19435,Richard Bierner,Consumer
JE-15475,Jeremy Ellison,Consumer
AI-10855,Arianne Irving,Consumer
MH-17440,Mark Haberlin,Corporate
JE-6165,Justin Ellison,Corporate
DS-13180,David Smith,Corporate
AC-10660,Anna Chung,Consumer
MH-17455,Mark Hamilton,Consumer
CC-12430,Chuck Clark,Home Office
NG-18355,Nat Gilpin,Corporate
RC-19825,Roy Collins,Consumer
JD-16015,Joy Daniels,Consumer
JH-5910,Jonathan Howell,Consumer
SC-10695,Steve Chapman,Corporate
RD-9930,Russell D'Ascenzo,Consumer
LC-6930,Linda Cazamias,Corporate
DW-13195,David Wiener,Corporate
RD-19900,Ruben Dartt,Consumer
MV-18190,Mike Vittorini,Consumer
RD-19480,Rick Duston,Consumer
SV-20365,Seth Vernon,Consumer
LS-17230,Lycoris Saunders,Consumer
GD-14590,Giulietta Dortch,Corporate
EB-13750,Edward Becker,Corporate
KH-6360,Katherine Hughes,Consumer
BF-11275,Beth Fritzler,Corporate
NG-18430,Nathan Gelder,Consumer
Co-12640,Corey-Lock,Consumer
SF-20965,Sylvia Foulston,Corporate
KB-16405,Katrina Bavinger,Home Office
LC-16870,Lena Cacioppo,Consumer
JL-15505,Jeremy Lonsdale,Consumer
BD-11725,Bruce Degenhardt,Consumer
TM-21010,Tamara Manning,Consumer
AB-150,Aimee Bixby,Consumer
BW-11065,Barry Weirich,Consumer
FM-14380,Fred McMath,Consumer
PC-8745,Pamela Coakley,Corporate
BN-1470,Brad Norvell,Corporate
AH-10120,Adrian Hane,Home Office
LF-17185,Luke Foster,Consumer
DJ-13630,Doug Jacobs,Consumer
SJ-20125,Sanjit Jacobs,Home Office
ML-18265,Muhammed Lee,Consumer
SF-10965,Sylvia Foulston,Corporate
PO-8865,Patrick O'Donnell,Consumer
MH-17290,Marc Harrigan,Home Office
NR-18550,Nick Radford,Consumer
MK-17905,Michael Kennedy,Corporate
DB-13660,Duane Benoit,Consumer
PH-18790,Patricia Hirasaki,Home Office
AB-10165,Alan Barnes,Consumer
CA-12055,Cathy Armstrong,Home Office
JF-5295,Jason Fortune-,Consumer
KT-16465,Kean Takahito,Consumer
RB-9705,Roger Barcio,Home Office
BD-1725,Bruce Degenhardt,Consumer
EB-13705,Ed Braxton,Corporate
MG-17875,Michael Grace,Home Office
MG-17650,Matthew Grinstein,Home Office
AG-10270,Alejandro Grove,Consumer
NP-8685,Nora Pelletier,Home Office
AS-630,Ann Steele,Home Office
SC-20680,Steve Carroll,Home Office
MC-17590,Matt Collister,Corporate
TP-11415,Tom Prescott,Consumer
HH-15010,Hilary Holden,Corporate
BT-11485,Brad Thomas,Home Office
EB-13870,Emily Burns,Consumer
JP-15520,Jeremy Pistek,Consumer
CM-2115,Chad McGuire,Consumer
EA-14035,Erin Ashbrook,Corporate
FH-14350,Fred Harton,Consumer
BS-1800,Bryan Spruell,Home Office
AA-10375,Allen Armold,Consumer
BN-11515,Bradley Nguyen,Consumer
EG-3900,Emily Grady,Consumer
RE-19405,Ricardo Emerson,Consumer
ND-18460,Neil Ducich,Corporate
TT-21460,Tonja Turnell,Home Office
ML-18040,Michelle Lonsdale,Corporate
JL-5505,Jeremy Lonsdale,Consumer
SP-20545,Sibella Parks,Corporate
SF-10065,Sandra Flanagan,Consumer
AS-10045,Aaron Smayling,Corporate
TT-11220,Thomas Thornton,Consumer
AH-10195,Alan Haines,Corporate
KH-6630,Ken Heidel,Corporate
AA-10645,Anna Andreadi,Consumer
JL-15130,Jack Lebron,Consumer
KM-6375,Katherine Murray,Home Office
LS-16975,Lindsay Shagiari,Home Office
KL-16645,Ken Lonsdale,Consumer
EH-14185,Evan Henry,Consumer
KW-6570,Kelly Williams,Consumer
DB-3060,Dave Brooks,Consumer
FA-14230,Frank Atkinson,Corporate
JF-15565,Jill Fjeld,Consumer
LO-7170,Lori Olson,Corporate
KB-6315,Karl Braun,Consumer
BS-11755,Bruce Stewart,Consumer
RB-19465,Rick Bensley,Home Office
HF-14995,Herbert Flentye,Consumer
MP-17965,Michael Paige,Corporate
JJ-15445,Jennifer Jackson,Consumer
LC-17140,Logan Currie,Consumer
TT-11070,Ted Trevino,Consumer
BF-11020,Barry Französisch,Corporate
ES-14080,Erin Smith,Corporate
FC-14335,Fred Chung,Corporate
TS-21160,Theresa Swint,Corporate
RE-9450,Richard Eichhorn,Consumer
JC-15340,Jasper Cacioppo,Consumer
MH-17785,Maya Herman,Corporate
RF-19840,Roy Französisch,Consumer
PG-18820,Patrick Gardner,Consumer
DO-13645,Doug O'Connell,Consumer
SC-10305,Sean Christensen,Consumer
TN-21040,Tanja Norvell,Home Office
DR-12880,Dan Reichenbach,Corporate
EB-3975,Erica Bern,Corporate
NS-8505,Neola Schneider,Consumer
SF-20065,Sandra Flanagan,Consumer
RA-19285,Ralph Arnett,Consumer
LT-17110,Liz Thompson,Consumer
BF-11170,Ben Ferrer,Home Office
AR-825,Anthony Rawles,Corporate
SD-20485,Shirley Daniels,Home Office
GW-4605,Giulietta Weimer,Consumer
DB-13120,David Bremer,Corporate
JC-5775,John Castell,Consumer
ND-8460,Neil Ducich,Corporate
TC-11295,Toby Carlisle,Consumer
DM-2955,Dario Medina,Corporate
PJ-9015,Pauline Johnson,Consumer
JH-5820,John Huston,Consumer
ME-18010,Michelle Ellison,Corporate
AH-10690,Anna Häberlin,Corporate
RD-19660,Robert Dilbeck,Home Office
CD-1980,Carol Darley,Consumer
CL-2565,Clay Ludtke,Consumer
MO-7800,Meg O'Connel,Home Office
CR-2580,Clay Rozendal,Home Office
TC-10980,Tamara Chand,Corporate
RD-9900,Ruben Dartt,Consumer
CS-12250,Chris Selesnick,Corporate
CH-12070,Cathy Hwang,Home Office
JF-15355,Jay Fein,Consumer
AS-135,Adrian Shami,Home Office
SP-20620,Stefania Perrino,Corporate
EC-14050,Erin Creighton,Consumer
IG-5085,Ivan Gibson,Consumer
TB-21355,Todd Boyes,Corporate
MH-17620,Matt Hagelstein,Corporate
GT-14755,Guy Thornton,Consumer
DF-13135,David Flashing,Consumer
AS-240,Alan Shonely,Consumer
PG-8820,Patrick Gardner,Consumer
JS-6030,Joy Smith,Consumer
SS-20590,Sonia Sunley,Consumer
CS-2490,Cindy Schnelling,Corporate
CM-2715,Craig Molinari,Corporate
BM-1140,Becky Martin,Consumer
RD-19720,Roger Demir,Consumer
LD-17005,Lisa DeCherney,Consumer
EB-3705,Ed Braxton,Corporate
RH-19555,Ritsa Hightower,Consumer
JP-6135,Julie Prescott,Home Office
PB-9210,Phillip Breyer,Corporate
LC-16960,Lindsay Castell,Home Office
JC-15385,Jenna Caffey,Consumer
IL-15100,Ivan Liston,Consumer
SW-10245,Scot Wooten,Consumer
CP-2340,Christine Phan,Corporate
NS-18640,Noel Staavos,Corporate
TR-21325,Toby Ritter,Consumer
NF-8385,Natalie Fritzler,Consumer
TZ-21580,Tracy Zic,Consumer
TB-11055,Ted Butterfield,Consumer
AJ-10795,Anthony Johnson,Corporate
GH-14485,Gene Hale,Corporate
AG-10300,Aleksandra Gannaway,Corporate
EH-3945,Eric Hoffmann,Consumer
JD-6150,Justin Deggeller,Corporate
KH-16360,Katherine Hughes,Consumer
JB-6045,Julia Barnett,Home Office
AH-585,Angele Hood,Consumer
MS-7530,MaryBeth Skach,Consumer
HA-14905,Helen Abelman,Consumer
JG-15310,Jason Gross,Corporate
CD-1920,Carlos Daly,Consumer
TC-21535,Tracy Collins,Home Office
PB-9105,Peter Bühler,Consumer
AR-10405,Allen Rosenblatt,Corporate
NK-18490,Neil Knudson,Home Office
MG-7695,Maureen Gnade,Consumer
AJ-10945,Ashley Jarboe,Consumer
RS-19420,Ricardo Sperren,Corporate
SC-20770,Stewart Carmichael,Corporate
LM-17065,Liz MacKendrick,Consumer
DP-13000,Darren Powers,Consumer
RD-9660,Robert Dilbeck,Home Office
LB-16735,Larry Blacks,Consumer
MZ-17515,Mary Zewe,Corporate
ER-3855,Elpida Rittenbach,Corporate
MS-17710,Maurice Satty,Consumer
LC-6960,Lindsay Castell,Home Office
GZ-14545,George Zrebassa,Corporate
JK-5625,Jim Karlsson,Consumer
JJ-15760,Joel Jenkins,Home Office
CA-2265,Christina Anderson,Consumer
CC-2220,Chris Cortes,Consumer
KL-6555,Kelly Lampkin,Corporate
CS-2175,Charles Sheldon,Corporate
KL-16555,Kelly Lampkin,Corporate
RD-9810,Ross DeVincentis,Home Office
AJ-945,Ashley Jarboe,Consumer
CC-2685,Craig Carroll,Consumer
LO-17170,Lori Olson,Corporate
DE-13255,Deanra Eno,Home Office
RF-9345,Randy Ferguson,Corporate
SC-20020,Sam Craven,Consumer
DW-13585,Dorothy Wardle,Corporate
EM-4065,Erin Mull,Consumer
TD-20995,Tamara Dahlen,Consumer
BD-11320,Bill Donatelli,Consumer
CW-11905,Carl Weiss,Home Office
CK-2325,Christine Kargatis,Home Office
BP-11095,Bart Pistole,Corporate
DV-3465,Dianna Vittorini,Consumer
MY-7380,Maribeth Yedwab,Corporate
PB-9150,Philip Brown,Consumer
AG-10390,Allen Goldenen,Consumer
KW-16570,Kelly Williams,Consumer
JF-5190,Jamie Frazer,Consumer
GB-14575,Giulietta Baptist,Consumer
MR-7545,Mathew Reese,Home Office
MO-17950,Michael Oakman,Consumer
TA-11385,Tom Ashbrook,Home Office
JM-5655,Jim Mitchum,Corporate
JS-5880,John Stevenson,Consumer
HP-14815,Harold Pawlan,Home Office
CS-12400,Christopher Schild,Home Office
DE-3255,Deanra Eno,Home Office
JD-6015,Joy Daniels,Consumer
CR-2730,Craig Reiter,Consumer
RC-9960,Ryan Crowe,Consumer
AO-10810,Anthony O'Donnell,Corporate
TB-11250,Tim Brockman,Consumer
RA-9285,Ralph Arnett,Consumer
MG-8205,Mitch Gastineau,Corporate
MY-8295,Muhammed Yedwab,Corporate
SR-20425,Sharelle Roach,Home Office
BT-1530,Bradley Talbott,Home Office
LS-7245,Lynn Smith,Consumer
AB-10255,Alejandro Ballentine,Home Office
TH-21115,Thea Hudgings,Corporate
LC-6885,Lena Creighton,Consumer
AC-660,Anna Chung,Consumer
EM-14095,Eudokia Martin,Corporate
BO-11350,Bill Overfelt,Corporate
DM-3015,Darrin Martin,Consumer
DD-13570,Dorothy Dickinson,Consumer
KN-16705,Kristina Nunn,Home Office
HM-14980,Henry MacAllister,Consumer
FM-4215,Filia McAdams,Corporate
JO-15145,Jack O'Briant,Corporate
TC-11535,Tracy Collins,Home Office
JK-15205,Jamie Kunitz,Consumer
DA-3450,Dianna Arnett,Home Office
DB-12910,Daniel Byrd,Home Office
EH-4005,Erica Hernandez,Home Office
DN-13690,Duane Noonan,Consumer
AS-10135,Adrian Shami,Home Office
MC-18130,Mike Caudle,Corporate
MM-18280,Muhammed MacIntyre,Corporate
RL-9615,Rob Lucas,Consumer
MA-7560,Matt Abelman,Home Office
HG-4845,Harry Greene,Consumer
PB-8805,Patrick Bzostek,Home Office
RW-19630,Rob Williams,Corporate
BT-11440,Bobby Trafton,Consumer
JC-5385,Jenna Caffey,Consumer
HR-4770,Hallie Redmond,Home Office
DB-3615,Doug Bickford,Consumer
JK-6120,Julie Kriz,Home Office
SW-20455,Shaun Weien,Consumer
GH-4425,Gary Hwang,Consumer
GB-4575,Giulietta Baptist,Consumer
PA-19060,Pete Armstrong,Home Office
CA-2775,Cynthia Arntzen,Consumer
CV-12295,Christina VanderZanden,Consumer
PO-9180,Philisse Overcash,Home Office
NC-18535,Nick Crebassa,Corporate
GZ-4470,Gary Zandusky,Consumer
AM-360,Alice McCarthy,Corporate
AA-480,Andrew Allen,Consumer
TB-21595,Troy Blackwell,Consumer
KH-16630,Ken Heidel,Corporate
TS-21655,Trudy Schmidt,Consumer
CD-11980,Carol Darley,Consumer
DB-13360,Dennis Bolton,Home Office
SK-9990,Sally Knutson,Consumer
PT-19090,Pete Takahito,Consumer
EH-13990,Erica Hackney,Consumer
ME-17725,Max Engle,Consumer
ZD-21925,Zuschuss Donatelli,Consumer
MW-8235,Mitch Willingham,Corporate
BP-11050,Barry Pond,Corporate
RC-19960,Ryan Crowe,Consumer
PN-8775,Parhena Norris,Home Office
CB-12535,Claudia Bergmann,Corporate
LR-7035,Lisa Ryan,Corporate
JG-5160,James Galang,Consumer
SC-10845,Sung Chung,Consumer
DK-13225,Dean Katz,Corporate
CG-2520,Claire Gute,Consumer
RS-19870,Roy Skaria,Home Office
DK-2835,Damala Kotsonis,Corporate
CM-2385,Christopher Martinez,Consumer
JE-5745,Joel Eaton,Consumer
CA-1965,Carol Adams,Corporate
Dl-3600,Dorris liebe,Corporate
DL-2865,Dan Lawera,Consumer
CM-2445,Chuck Magee,Consumer
DB-13270,Deborah Brumfield,Home Office
EB-4110,Eugene Barchas,Consumer
BD-11620,Brian DeCherney,Consumer
MN-7935,Michael Nguyen,Consumer
DB-2910,Daniel Byrd,Home Office
LH-7155,Logan Haushalter,Consumer
JS-5940,Joni Sundaresam,Home Office
GH-4410,Gary Hansen,Home Office
SC-10380,Shahid Collister,Consumer
SL-10155,Sara Luxemburg,Home Office
EK-3795,Eileen Kiefer,Home Office
PH-8790,Patricia Hirasaki,Home Office
HD-4785,Harold Dahlen,Home Office
CM-2190,Charlotte Melton,Consumer
AR-570,Anemone Ratner,Consumer
BT-1305,Beth Thompson,Home Office
MH-7785,Maya Herman,Corporate
SC-10260,Scott Cohen,Corporate
LW-7125,Liz Willingham,Consumer
SM-10905,Susan MacKendrick,Consumer
TT-21265,Tim Taslimi,Corporate
EJ-3720,Ed Jacobs,Consumer
RS-9765,Roland Schwarz,Corporate
EM-4095,Eudokia Martin,Corporate
AJ-10960,Astrea Jones,Consumer
BD-1770,Bryan Davis,Consumer
BE-1410,Bobby Elias,Consumer
KC-6255,Karen Carlisle,Corporate
DV-3045,Darrin Van Huff,Corporate
JD-5895,Jonathan Doherty,Corporate
JM-5865,John Murray,Consumer
JK-5205,Jamie Kunitz,Consumer
CL-2700,Craig Leslie,Home Office
GG-4650,Greg Guthrie,Corporate
LS-6945,Linda Southworth,Corporate
JL-5850,John Lucas,Consumer
VP-11760,Victoria Pisteka,Corporate
NF-8595,Nicole Fjeld,Home Office
LE-16810,Laurel Elliston,Consumer
JJ-5445,Jennifer Jackson,Consumer
CS-2130,Chad Sievert,Consumer
BM-1575,Brendan Murry,Corporate
AC-615,Ann Chong,Corporate
HG-5025,Hunter Glantz,Consumer
TB-11400,Tom Boeckenhauer,Consumer
RB-9330,Randy Bradley,Consumer
JP-5460,Jennifer Patt,Corporate
JL-5175,James Lanier,Home Office
AA-315,Alex Avila,Consumer
TS-11370,Todd Sumrall,Corporate
SS-10140,Saphhira Shifley,Corporate
DP-3000,Darren Powers,Consumer
JS-5685,Jim Sink,Corporate
PW-19240,Pierre Wener,Consumer
NW-8400,Natalie Webber,Consumer
TS-11340,Toby Swindell,Consumer
JH-5985,Joseph Holt,Consumer
NG-8355,Nat Gilpin,Corporate
FP-14320,Frank Preis,Consumer
SH-20395,Shahid Hopkins,Consumer
JP-16135,Julie Prescott,Home Office
JM-5250,Janet Martin,Consumer
MA-7995,Michelle Arnett,Home Office
DR-2940,Daniel Raglin,Home Office
BF-1020,Barry Französisch,Corporate
CS-2400,Christopher Schild,Home Office
JM-15535,Jessica Myrick,Consumer
JS-15940,Joni Sundaresam,Home Office
AF-870,Art Ferguson,Consumer
NP-8670,Nora Paige,Consumer
SU-10665,Stephanie Ulpright,Home Office
RD-9585,Rob Dowd,Consumer
TP-21565,Tracy Poddar,Corporate
LA-6780,Laura Armstrong,Corporate
LH-7020,Lisa Hazard,Consumer
JE-5475,Jeremy Ellison,Consumer
ES-4080,Erin Smith,Corporate
EM-4140,Eugene Moren,Home Office
DS-13030,Darrin Sayre,Home Office
ZD-11925,Zuschuss Donatelli,Consumer
JO-5550,Jesus Ocampo,Home Office
TB-11595,Troy Blackwell,Consumer
GM-4500,Gene McClure,Consumer
DD-3570,Dorothy Dickinson,Consumer
FH-4365,Fred Hopkins,Corporate
MK-18160,Mike Kennedy,Consumer
NM-8445,Nathan Mautz,Home Office
JF-5355,Jay Fein,Consumer
BF-975,Barbara Fisher,Corporate
SS-20875,Sung Shariari,Consumer
PF-9165,Philip Fox,Consumer
SV-10365,Seth Vernon,Consumer
BB-10990,Barry Blumstein,Corporate
PW-9240,Pierre Wener,Consumer
JF-15490,Jeremy Farry,Consumer
CW-1905,Carl Weiss,Home Office
LC-7140,Logan Currie,Consumer
HK-4890,Heather Kirkland,Corporate
BT-1440,Bobby Trafton,Consumer
RD-19810,Ross DeVincentis,Home Office
KL-6645,Ken Lonsdale,Consumer
VG-11805,Vivek Grady,Corporate
PF-9225,Phillip Flathmann,Consumer
AB-15,Aaron Bergman,Consumer
LW-6990,Lindsay Williams,Corporate
PS-8970,Paul Stevenson,Home Office
LW-17125,Liz Willingham,Consumer
MC-7590,Matt Collister,Corporate
JO-15550,Jesus Ocampo,Home Office
SJ-10125,Sanjit Jacobs,Home Office
SS-20515,Shirley Schmidt,Home Office
RB-19645,Robert Barroso,Corporate
BP-1050,Barry Pond,Corporate
PG-8895,Paul Gonzalez,Consumer
RM-19750,Roland Murray,Consumer
KM-6225,Kalyca Meade,Corporate
AH-120,Adrian Hane,Home Office
BM-1785,Bryan Mills,Consumer
NR-8550,Nick Radford,Consumer
EB-14170,Evan Bailliet,Consumer
PB-19150,Philip Brown,Consumer
TP-11130,Theone Pippenger,Consumer
KN-6450,Kean Nguyen,Corporate
RD-9720,Roger Demir,Consumer
RS-9870,Roy Skaria,Home Office
EB-3840,Ellis Ballard,Corporate
TC-21475,Tony Chapman,Home Office
BH-1710,Brosina Hoffman,Consumer
MH-7620,Matt Hagelstein,Corporate
PT-9090,Pete Takahito,Consumer
DC-2850,Dan Campbell,Consumer
AG-900,Arthur Gainer,Consumer
DC-12850,Dan Campbell,Consumer
JF-5565,Jill Fjeld,Consumer
SR-10740,Steven Roelle,Home Office
MK-7905,Michael Kennedy,Corporate
JK-5370,Jay Kimmel,Consumer
GM-4680,Greg Matthias,Consumer
PC-9000,Pauline Chand,Home Office
DL-3315,Delfina Latchford,Consumer
JL-5235,Janet Lee,Consumer
BB-990,Barry Blumstein,Corporate
RP-9390,Resi Pölking,Consumer
ES-4020,Erica Smith,Consumer
MH-7455,Mark Hamilton,Consumer
JD-5790,John Dryer,Consumer
DB-3270,Deborah Brumfield,Home Office
PK-9075,Pete Kriz,Consumer
NM-8520,Neoma Murray,Consumer
MO-7500,Mary O'Rourke,Consumer
SG-10890,Susan Gilcrest,Corporate
MF-8250,Monica Federle,Corporate
JG-5310,Jason Gross,Corporate
YS-11880,Yana Sorensen,Corporate
FC-4245,Frank Carlisle,Home Office
BW-1110,Bart Watters,Corporate
BS-1590,Brendan Sweed,Corporate
CS-2460,Chuck Sachs,Consumer
MH-7290,Marc Harrigan,Home Office
KE-6420,Katrina Edelman,Corporate
AJ-780,Anthony Jacobs,Corporate
MM-7920,Michael Moore,Consumer
ML-8265,Muhammed Lee,Consumer
RR-9315,Ralph Ritter,Consumer
JF-5490,Jeremy Farry,Consumer
AG-765,Anthony Garverick,Home Office
DS-3030,Darrin Sayre,Home Office
AH-75,Adam Hart,Corporate
NB-18580,Nicole Brennan,Corporate
KD-6270,Karen Daniels,Consumer
MJ-7740,Max Jones,Consumer
DM-3525,Don Miller,Corporate
GH-4665,Greg Hansen,Consumer
RM-9675,Robert Marley,Home Office
TS-11610,Troy Staebel,Consumer
PR-8880,Patrick Ryan,Consumer
HP-4815,Harold Pawlan,Home Office
EC-4050,Erin Creighton,Consumer
BF-1005,Barry Franz,Home Office
SC-10050,Sample Company A,Home Office
DM-3345,Denise Monton,Corporate
CD-2280,Christina DeMoss,Consumer
BP-1095,Bart Pistole,Corporate
TC-11475,Tony Chapman,Home Office
DW-3540,Don Weiss,Consumer
BE-1455,Brad Eason,Home Office
AH-195,Alan Haines,Corporate
DO-3645,Doug O'Connell,Consumer
CA-2055,Cathy Armstrong,Home Office
LP-7080,Liz Pelletier,Consumer
BN-1515,Bradley Nguyen,Consumer
NK-8490,Neil Knudson,Home Office
AR-510,Andrew Roberts,Consumer
VM-11835,Vivian Mathis,Consumer
TH-11115,Thea Hudgings,Corporate
AB-165,Alan Barnes,Consumer
LB-6735,Larry Blacks,Consumer
GA-4515,George Ashbrook,Consumer
DJ-3630,Doug Jacobs,Consumer
LT-6765,Larry Tron,Consumer
SG-10080,Sandra Glassco,Consumer
TB-11175,Thomas Boland,Corporate
AP-915,Arthur Prichep,Consumer
ON-8715,Odella Nelson,Corporate
SB-10290,Sean Braxton,Corporate
AJ-795,Anthony Johnson,Corporate
TP-11565,Tracy Poddar,Corporate
ML-8040,Michelle Lonsdale,Corporate
LC-6870,Lena Cacioppo,Consumer
AB-105,Adrian Barton,Consumer
AW-840,Anthony Witt,Consumer
JO-5280,Jas O'Carroll,Consumer
ME-7320,Maria Etezadi,Home Office
SW-10455,Shaun Weien,Consumer
LP-7095,Liz Preis,Consumer
DW-3195,David Wiener,Corporate
SC-10770,Stewart Carmichael,Corporate
HE-4800,Harold Engle,Corporate
DL-3495,Dionis Lloyd,Corporate
EJ-4155,Eva Jacobs,Consumer
JH-6180,Justin Hirsh,Consumer
DK-3150,David Kendrick,Corporate
XP-11865,Xylona Preis,Consumer
KT-6480,Kean Thornton,Consumer
MB-8085,Mick Brown,Consumer
AR-345,Alex Russell,Corporate
BD-1320,Bill Donatelli,Consumer
DP-3165,David Philippe,Consumer
KD-6495,Keith Dawkins,Corporate
CK-2595,Clytie Kelty,Consumer
SB-10170,Sarah Bern,Consumer
JJ-5760,Joel Jenkins,Home Office
GH-4485,Gene Hale,Corporate
DB-3555,Dorothy Badders,Corporate
LB-6795,Laurel Beltran,Home Office
KT-6465,Kean Takahito,Consumer
GA-4725,Guy Armstrong,Consumer
DK-3090,Dave Kipp,Consumer
SS-10590,Sonia Sunley,Consumer
SD-10485,Shirley Daniels,Home Office
TS-21085,Thais Sissman,Consumer
RA-9945,Ryan Akin,Consumer
JO-5145,Jack O'Briant,Corporate
LW-7215,Luke Weiss,Consumer
RB-9645,Robert Barroso,Corporate
MV-7485,Mark Van Huff,Consumer
BW-1200,Ben Wallace,Consumer
CC-2610,Corey Catlett,Corporate
BD-1560,Brendan Dodson,Home Office
CS-2505,Cindy Stewart,Consumer
VT-11700,Valerie Takahito,Home Office
MC-7845,Michael Chen,Consumer
KH-6690,Kristen Hastings,Corporate
VS-11820,Vivek Sundaresam,Consumer
NF-8475,Neil Französisch,Home Office
TB-11190,Thomas Brumley,Home Office
TS-11205,Thomas Seio,Corporate
TD-10995,Tamara Dahlen,Consumer
EB-3750,Edward Becker,Corporate
AH-690,Anna Häberlin,Corporate
TB-11280,Toby Braunhardt,Consumer
AM-705,Anne McFarland,Consumer
BD-1620,Brian DeCherney,Consumer
KF-6285,Karen Ferguson,Home Office
BE-1335,Bill Eplett,Home Office
HA-4905,Helen Abelman,Consumer
ND-8370,Natalie DeCherney,Consumer
AA-645,Anna Andreadi,Consumer
CC-2430,Chuck Clark,Home Office
PL-8925,Paul Lucas,Home Office
SO-10335,Sean O'Donnell,Consumer
AY-555,Andy Yotov,Corporate
JB-6000,Joy Bell-,Consumer
SN-10560,Skye Norling,Home Office
AH-465,Amy Hunt,Consumer
HW-4935,Helen Wasserman,Corporate
MC-7425,Mark Cousins,Corporate
BT-1680,Brian Thompson,Consumer
MG-7650,Matthew Grinstein,Home Office
CB-2415,Christy Brittain,Consumer
CK-2760,Cyma Kinney,Corporate
AG-330,Alex Grayson,Consumer
MK-8160,Mike Kennedy,Consumer
NC-8625,Noah Childs,Corporate
MO-7950,Michael Oakman,Consumer
HF-4995,Herbert Flentye,Consumer
SJ-10215,Sarah Jordon,Consumer
AO-810,Anthony O'Donnell,Corporate
RM-9375,Raymond Messe,Consumer
MM-8055,Michelle Moray,Consumer
DN-3690,Duane Noonan,Consumer
EB-3930,Eric Barreto,Consumer
NH-8610,Nicole Hansen,Corporate
EL-3735,Ed Ludwig,Home Office
PS-8760,Pamela Stobb,Consumer
ST-10530,Shui Tom,Consumer
RH-9510,Rick Huthwaite,Home Office
BD-1605,Brian Dahlen,Consumer
SC-10440,Shaun Chance,Corporate
CG-2040,Catherine Glotzbach,Home Office
TG-11310,Toby Gnade,Consumer
FO-4305,Frank Olsen,Consumer
CS-1950,Carlos Soltero,Consumer
LE-6810,Laurel Elliston,Consumer
DR-2880,Dan Reichenbach,Corporate
JR-5700,Jocasta Rupert,Consumer
MS-7710,Maurice Satty,Consumer
PM-8940,Paul MacIntyre,Consumer
AZ-750,Annie Zypern,Consumer
AA-375,Allen Armold,Consumer
FM-4290,Frank Merwin,Home Office
CR-2820,Cyra Reiten,Home Office
VB-11745,Victoria Brennan,Corporate
RH-19600,Rob Haberlin,Consumer
KH-6330,Katharine Harms,Corporate
ME-7725,Max Engle,Consumer
FA-4230,Frank Atkinson,Corporate
GM-4455,Gary Mitchum,Home Office
KH-6510,Keith Herrera,Consumer
CD-2790,Cynthia Delaney,Home Office
NB-8580,Nicole Brennan,Corporate
CS-2250,Chris Selesnick,Corporate
SP-10920,Susan Pistek,Consumer
TH-11100,Thea Hendricks,Consumer
DC-3285,Debra Catini,Consumer
CM-2655,Corinna Mitchell,Home Office
RF-9735,Roland Fjeld,Consumer
LH-6750,Larry Hughes,Consumer
JM-5265,Janet Molinari,Corporate
CS-1845,Cari Sayre,Corporate
CS-1860,Cari Schnelling,Consumer
BT-1485,Brad Thomas,Home Office
KB-6240,Karen Bern,Corporate
KB-6600,Ken Brennan,Corporate
LS-7230,Lycoris Saunders,Consumer
MS-7365,Maribeth Schnelling,Consumer
BG-1740,Bruce Geld,Consumer
HJ-4875,Heather Jas,Home Office
LR-6915,Lena Radford,Consumer
JW-6075,Julia West,Consumer
DJ-3420,Denny Joy,Corporate
SP-10650,Stephanie Phelps,Corporate
VM-21835,Vivian Mathis,Consumer
CM-1815,Candace McMahon,Corporate
MH-8025,Michelle Huthwaite,Consumer
RD-9480,Rick Duston,Consumer
PW-9030,Pauline Webber,Corporate
EB-4170,Evan Bailliet,Consumer
SM-10950,Suzanne McNair,Corporate
NP-8325,Naresj Patel,Consumer
MP-8175,Mike Pelletier,Home Office
CM-2160,Charles McCrossin,Consumer
NP-8700,Nora Preis,Consumer
BP-1185,Ben Peterman,Corporate
SW-10755,Steven Ward,Corporate
AC-450,Amy Cox,Consumer
SE-10110,Sanjit Engle,Consumer
BS-1365,Bill Shonely,Corporate
RM-9750,Roland Murray,Consumer
BT-1395,Bill Tyler,Corporate
BP-1155,Becky Pak,Consumer
GT-4635,Grant Thornton,Corporate
CM-1935,Carlos Meador,Consumer
RE-9405,Ricardo Emerson,Consumer
KS-6300,Karen Seio,Corporate
TS-11160,Theresa Swint,Corporate
ML-7395,Marina Lichtenstein,Corporate
BF-1170,Ben Ferrer,Home Office
NS-8640,Noel Staavos,Corporate
RB-9570,Rob Beeghly,Consumer
FM-4380,Fred McMath,Consumer
AG-300,Aleksandra Gannaway,Corporate
SW-10350,Sean Wendt,Home Office
JR-6210,Justin Ritter,Corporate
MD-7350,Maribeth Dona,Consumer
ML-7755,Max Ludwig,Home Office
HA-4920,Helen Andreada,Consumer
AS-45,Aaron Smayling,Corporate
BF-1215,Benjamin Farhat,Home Office
LH-6900,Lena Hernandez,Consumer
DP-3390,Dennis Pardue,Home Office
DH-3075,Dave Hallsten,Corporate
HM-4860,Harry Marie,Corporate
SB-10185,Sarah Brown,Consumer
RF-9840,Roy Französisch,Consumer
SV-10935,Susan Vittorini,Consumer
CS-2355,Christine Sundaresam,Consumer
GM-4695,Greg Maxwell,Corporate
AT-435,Alyssa Tate,Home Office
MC-8130,Mike Caudle,Corporate
FP-4320,Frank Preis,Consumer
DK-3225,Dean Katz,Corporate
VG-11790,Vivek Gonzalez,Consumer
LF-7185,Luke Foster,Consumer
NC-8535,Nick Crebassa,Corporate
DB-3405,Denny Blanton,Consumer
MH-8115,Mick Hernandez,Home Office
SA-10830,Sue Ann Reed,Consumer
JK-5640,Jim Kriz,Home Office
VF-11715,Vicky Freymann,Home Office
VW-11775,Victoria Wilson,Corporate
SN-10710,Steve Nguyen,Home Office
MS-7980,Michael Stewart,Corporate
AD-180,Alan Dominguez,Home Office
MC-8100,Mick Crebagga,Consumer
JB-5925,Joni Blumstein,Consumer
JC-5340,Jasper Cacioppo,Consumer
MF-7665,Maureen Fritzler,Corporate
RP-9270,Rachel Payne,Corporate
PF-9120,Peter Fuller,Consumer
DK-2895,Dana Kaydos,Consumer
RW-9630,Rob Williams,Corporate
TM-11490,Tony Molinari,Consumer
Co-2640,Corey-Lock,Consumer
EM-3810,Eleni McCrary,Corporate
JK-6090,Juliana Krohn,Consumer
JH-5430,Jennifer Halladay,Consumer
AR-405,Allen Rosenblatt,Corporate
TZ-11580,Tracy Zic,Consumer
BG-1035,Barry Gonzalez,Consumer
PS-9045,Penelope Sewall,Home Office
MS-7770,Maxwell Schwartz,Consumer
SS-10875,Sung Shariari,Consumer
DB-2970,Darren Budd,Corporate
SS-10515,Shirley Schmidt,Home Office
AW-930,Arthur Wiediger,Home Office
PK-8910,Paul Knutson,Home Office
GM-4440,Gary McGarr,Consumer
CY-2745,Craig Yedwab,Corporate
RW-9690,Robert Waldorf,Consumer
CC-2100,Chad Cunningham,Home Office
KD-6345,Katherine Ducich,Consumer
KN-6390,Katherine Nockton,Corporate
GT-4710,Greg Tran,Consumer
TS-11085,Thais Sissman,Consumer
RR-9525,Rick Reed,Corporate
MT-7815,Meg Tillman,Consumer
JA-5970,Joseph Airdo,Consumer
CB-2535,Claudia Bergmann,Corporate
AP-720,Anne Pryor,Home Office
SP-10860,Sung Pak,Corporate
IL-5100,Ivan Liston,Consumer
VD-11670,Valerie Dominguez,Consumer
EH-3765,Edward Hooks,Corporate
BS-1755,Bruce Stewart,Consumer
HL-5040,Hunter Lopez,Consumer
CA-2310,Christine Abelman,Corporate
AC-420,Alyssa Crouse,Corporate
CC-2145,Charles Crestani,Consumer
KB-6585,Ken Black,Corporate
JG-5115,Jack Garza,Consumer
GK-4620,Grace Kelly,Corporate
FW-4395,Fred Wasserman,Corporate
VM-11685,Valerie Mitchum,Home Office
RB-9360,Raymond Buch,Consumer
AG-495,Andrew Gjertsen,Corporate
IM-5070,Irene Maddox,Consumer
MC-7635,Matthew Clasen,Corporate
SH-10635,Stefanie Holloman,Corporate
KC-6540,Kelly Collister,Consumer
QJ-9255,Quincy Jones,Corporate
JK-5325,Jason Klamczynski,Corporate
AI-855,Arianne Irving,Consumer
SC-10095,Sanjit Chand,Consumer
CT-1995,Carol Triggs,Consumer
PJ-8835,Patrick Jones,Corporate
JM-6195,Justin MacKendrick,Consumer
CV-2295,Christina VanderZanden,Consumer
DB-3120,David Bremer,Corporate
NL-8310,Nancy Lomonaco,Home Office
BB-1545,Brenda Bowman,Corporate
BV-1245,Benjamin Venier,Corporate
BS-1380,Bill Stewart,Corporate
KA-6525,Kelly Andreada,Consumer
RB-9795,Ross Baird,Home Office
EP-3915,Emily Phan,Consumer
JS-5595,Jill Stevenson,Corporate
JE-5610,Jim Epp,Corporate
CJ-1875,Carl Jackson,Corporate
TH-11550,Tracy Hopkins,Home Office
HR-4830,Harold Ryan,Corporate
KC-6675,Kimberly Carter,Corporate
LS-7200,Luke Schmidt,Corporate
DL-2925,Daniel Lacy,Consumer
WB-11850,William Brown,Consumer
SJ-10500,Shirley Jackson,Consumer
DF-3135,David Flashing,Consumer
SZ-10035,Sam Zeldin,Home Office
CK-2205,Chloris Kastensmidt,Consumer
TM-11010,Tamara Manning,Consumer
FC-4335,Fred Chung,Corporate
GB-4530,George Bell,Corporate
BF-1275,Beth Fritzler,Corporate
NB-8655,Nona Balk,Corporate
EH-3990,Erica Hackney,Consumer
SP-10545,Sibella Parks,Corporate
Dp-3240,Dean percer,Home Office
LW-6825,Laurel Workman,Corporate
EN-3780,Edward Nazzal,Consumer
TZ-11445,Tom Zandusky,Corporate
KD-6615,Ken Dana,Corporate
LD-7005,Lisa DeCherney,Consumer
CL-1890,Carl Ludwig,Consumer
HG-4965,Henry Goldwyn,Corporate
BO-1350,Bill Overfelt,Corporate
YC-11895,Yoseph Carroll,Corporate
JM-5535,Jessica Myrick,Consumer
RA-9885,Ruben Ausman,Corporate
KM-6660,Khloe Miller,Consumer
DW-3585,Dorothy Wardle,Corporate
TS-11655,Trudy Schmidt,Consumer
RK-9300,Ralph Kennedy,Consumer
SC-10020,Sam Craven,Consumer
AG-390,Allen Goldenen,Consumer
AT-735,Annie Thurman,Consumer
JW-5955,Joni Wasserman,Consumer
AF-885,Art Foster,Consumer
KB-6405,Katrina Bavinger,Home Office
BP-1290,Beth Paige,Consumer
OT-8730,Olvera Toch,Consumer
LS-6975,Lindsay Shagiari,Home Office
GD-4590,Giulietta Dortch,Corporate
MP-7965,Michael Paige,Corporate
DS-3180,David Smith,Corporate
ED-3885,Emily Ducich,Home Office
NZ-8565,Nick Zandusky,Home Office
JG-5805,John Grady,Corporate
EB-3870,Emily Burns,Consumer
BG-1695,Brooke Gillingham,Corporate
SR-10425,Sharelle Roach,Home Office
AS-90,Adam Shillingsburg,Consumer
SP-10620,Stefania Perrino,Corporate
SH-10395,Shahid Hopkins,Consumer
AR-540,Andy Reiter,Consumer
CM-2235,Chris McAfee,Consumer
AS-225,Alan Schoenberger,Corporate
RA-9915,Russell Applegate,Consumer
RS-9420,Ricardo Sperren,Corporate
TN-11040,Tanja Norvell,Home Office
VP-11730,Victor Preis,Home Office
KW-6435,Katrina Willman,Consumer
PP-8955,Paul Prost,Home Office
SC-10575,Sonia Cooley,Consumer
ML-7410,Maris LaWare,Consumer
CJ-2010,Caroline Jumper,Consumer
FG-4260,Frank Gastineau,Home Office
TW-11025,Tamara Willingham,Home Office
DB-3210,Dean Braden,Consumer
EA-4035,Erin Ashbrook,Corporate
EM-3825,Elizabeth Moffitt,Corporate
TB-11355,Todd Boyes,Corporate
ME-8010,Michelle Ellison,Corporate
JE-5715,Joe Elijah,Consumer
MC-7605,Matt Connell,Corporate
FH-4350,Fred Harton,Consumer
BC-1125,Becky Castell,Home Office
MG-7875,Michael Grace,Home Office
FH-4275,Frank Hawley,Corporate
DK-2985,Darren Koutras,Consumer
BK-1260,Berenike Kampe,Consumer
MP-7470,Mark Packer,Home Office
SC-10800,Stuart Calhoun,Consumer
BD-1500,Bradley Drucker,Consumer
RC-9825,Roy Collins,Consumer
MG-7890,Michael Granlund,Home Office
ZC-11910,Zuschuss Carroll,Consumer
